country,year,democracy
Afghanistan,2010,0
Afghanistan,2011,0
Afghanistan,2012,0
Afghanistan,2013,0
Afghanistan,2014,0
Afghanistan,2015,0
Afghanistan,2016,0
Afghanistan,2017,0
Afghanistan,2018,0
Afghanistan,2019,0
Afghanistan,2020,0
Afghanistan,2021,0
Afghanistan,2022,0
Afghanistan,2023,0
Afghanistan,2024,0
Afghanistan,2025,0
Albania,2010,1
Albania,2011,1
Albania,2012,1
Albania,2013,1
Albania,2014,1
Albania,2015,1
Albania,2016,1
Albania,2017,1
Albania,2018,1
Albania,2019,1
Albania,2020,1
Albania,2021,1
Albania,2022,1
Albania,2023,1
Albania,2024,1
Albania,2025,0
Algeria,2010,0
Algeria,2011,0
Algeria,2012,0
Algeria,2013,0
Algeria,2014,0
Algeria,2015,0
Algeria,2016,0
Algeria,2017,0
Algeria,2018,0
Algeria,2019,0
Algeria,2020,0
Algeria,2021,0
Algeria,2022,0
Algeria,2023,0
Algeria,2024,0
Algeria,2025,0
Angola,2010,0
Angola,2011,0
Angola,2012,0
Angola,2013,0
Angola,2014,0
Angola,2015,0
Angola,2016,0
Angola,2017,0
Angola,2018,0
Angola,2019,0
Angola,2020,0
Angola,2021,0
Angola,2022,0
Angola,2023,0
Angola,2024,0
Angola,2025,0
Argentina,2010,1
Argentina,2011,1
Argentina,2012,1
Argentina,2013,1
Argentina,2014,1
Argentina,2015,1
Argentina,2016,1
Argentina,2017,1
Argentina,2018,1
Argentina,2019,1
Argentina,2020,1
Argentina,2021,1
Argentina,2022,1
Argentina,2023,1
Argentina,2024,1
Argentina,2025,1
Armenia,2010,0
Armenia,2011,0
Armenia,2012,0
Armenia,2013,0
Armenia,2014,0
Armenia,2015,0
Armenia,2016,0
Armenia,2017,0
Armenia,2018,1
Armenia,2019,1
Armenia,2020,1
Armenia,2021,1
Armenia,2022,1
Armenia,2023,1
Armenia,2024,1
Armenia,2025,1
Australia,2010,1
Australia,2011,1
Australia,2012,1
Australia,2013,1
Australia,2014,1
Australia,2015,1
Australia,2016,1
Australia,2017,1
Australia,2018,1
Australia,2019,1
Australia,2020,1
Australia,2021,1
Australia,2022,1
Australia,2023,1
Australia,2024,1
Australia,2025,1
Austria,2010,1
Austria,2011,1
Austria,2012,1
Austria,2013,1
Austria,2014,1
Austria,2015,1
Austria,2016,1
Austria,2017,1
Austria,2018,1
Austria,2019,1
Austria,2020,1
Austria,2021,1
Austria,2022,1
Austria,2023,1
Austria,2024,1
Austria,2025,1
Azerbaijan,2010,0
Azerbaijan,2011,0
Azerbaijan,2012,0
Azerbaijan,2013,0
Azerbaijan,2014,0
Azerbaijan,2015,0
Azerbaijan,2016,0
Azerbaijan,2017,0
Azerbaijan,2018,0
Azerbaijan,2019,0
Azerbaijan,2020,0
Azerbaijan,2021,0
Azerbaijan,2022,0
Azerbaijan,2023,0
Azerbaijan,2024,0
Azerbaijan,2025,0
Bahrain,2010,0
Bahrain,2011,0
Bahrain,2012,0
Bahrain,2013,0
Bahrain,2014,0
Bahrain,2015,0
Bahrain,2016,0
Bahrain,2017,0
Bahrain,2018,0
Bahrain,2019,0
Bahrain,2020,0
Bahrain,2021,0
Bahrain,2022,0
Bahrain,2023,0
Bahrain,2024,0
Bahrain,2025,0
Bangladesh,2010,0
Bangladesh,2011,0
Bangladesh,2012,0
Bangladesh,2013,0
Bangladesh,2014,0
Bangladesh,2015,0
Bangladesh,2016,0
Bangladesh,2017,0
Bangladesh,2018,0
Bangladesh,2019,0
Bangladesh,2020,0
Bangladesh,2021,0
Bangladesh,2022,0
Bangladesh,2023,0
Bangladesh,2024,0
Bangladesh,2025,0
Barbados,2010,1
Barbados,2011,1
Barbados,2012,1
Barbados,2013,1
Barbados,2014,1
Barbados,2015,1
Barbados,2016,1
Barbados,2017,1
Barbados,2018,1
Barbados,2019,1
Barbados,2020,1
Barbados,2021,1
Barbados,2022,1
Barbados,2023,1
Barbados,2024,1
Barbados,2025,1
Belarus,2010,0
Belarus,2011,0
Belarus,2012,0
Belarus,2013,0
Belarus,2014,0
Belarus,2015,0
Belarus,2016,0
Belarus,2017,0
Belarus,2018,0
Belarus,2019,0
Belarus,2020,0
Belarus,2021,0
Belarus,2022,0
Belarus,2023,0
Belarus,2024,0
Belarus,2025,0
Belgium,2010,1
Belgium,2011,1
Belgium,2012,1
Belgium,2013,1
Belgium,2014,1
Belgium,2015,1
Belgium,2016,1
Belgium,2017,1
Belgium,2018,1
Belgium,2019,1
Belgium,2020,1
Belgium,2021,1
Belgium,2022,1
Belgium,2023,1
Belgium,2024,1
Belgium,2025,1
Benin,2010,1
Benin,2011,1
Benin,2012,1
Benin,2013,1
Benin,2014,1
Benin,2015,1
Benin,2016,1
Benin,2017,1
Benin,2018,1
Benin,2019,0
Benin,2020,0
Benin,2021,0
Benin,2022,0
Benin,2023,0
Benin,2024,0
Benin,2025,0
Bhutan,2010,1
Bhutan,2011,1
Bhutan,2012,1
Bhutan,2013,1
Bhutan,2014,1
Bhutan,2015,1
Bhutan,2016,1
Bhutan,2017,1
Bhutan,2018,1
Bhutan,2019,1
Bhutan,2020,1
Bhutan,2021,1
Bhutan,2022,1
Bhutan,2023,1
Bhutan,2024,1
Bhutan,2025,1
Bolivia,2010,1
Bolivia,2011,1
Bolivia,2012,1
Bolivia,2013,1
Bolivia,2014,1
Bolivia,2015,1
Bolivia,2016,1
Bolivia,2017,1
Bolivia,2018,1
Bolivia,2019,0
Bolivia,2020,0
Bolivia,2021,1
Bolivia,2022,1
Bolivia,2023,1
Bolivia,2024,1
Bolivia,2025,1
Bosnia and Herzegovina,2010,1
Bosnia and Herzegovina,2011,1
Bosnia and Herzegovina,2012,1
Bosnia and Herzegovina,2013,1
Bosnia and Herzegovina,2014,1
Bosnia and Herzegovina,2015,1
Bosnia and Herzegovina,2016,1
Bosnia and Herzegovina,2017,1
Bosnia and Herzegovina,2018,1
Bosnia and Herzegovina,2019,1
Bosnia and Herzegovina,2020,1
Bosnia and Herzegovina,2021,1
Bosnia and Herzegovina,2022,1
Bosnia and Herzegovina,2023,1
Bosnia and Herzegovina,2024,1
Bosnia and Herzegovina,2025,0
Botswana,2010,1
Botswana,2011,1
Botswana,2012,1
Botswana,2013,1
Botswana,2014,1
Botswana,2015,1
Botswana,2016,1
Botswana,2017,1
Botswana,2018,1
Botswana,2019,1
Botswana,2020,1
Botswana,2021,1
Botswana,2022,1
Botswana,2023,1
Botswana,2024,1
Botswana,2025,1
Brazil,2010,1
Brazil,2011,1
Brazil,2012,1
Brazil,2013,1
Brazil,2014,1
Brazil,2015,1
Brazil,2016,1
Brazil,2017,1
Brazil,2018,1
Brazil,2019,1
Brazil,2020,1
Brazil,2021,1
Brazil,2022,1
Brazil,2023,1
Brazil,2024,1
Brazil,2025,1
Bulgaria,2010,1
Bulgaria,2011,1
Bulgaria,2012,1
Bulgaria,2013,1
Bulgaria,2014,1
Bulgaria,2015,1
Bulgaria,2016,1
Bulgaria,2017,1
Bulgaria,2018,1
Bulgaria,2019,1
Bulgaria,2020,1
Bulgaria,2021,1
Bulgaria,2022,1
Bulgaria,2023,1
Bulgaria,2024,1
Bulgaria,2025,1
Burkina Faso,2010,1
Burkina Faso,2011,1
Burkina Faso,2012,1
Burkina Faso,2013,1
Burkina Faso,2014,1
Burkina Faso,2015,0
Burkina Faso,2016,1
Burkina Faso,2017,1
Burkina Faso,2018,1
Burkina Faso,2019,1
Burkina Faso,2020,1
Burkina Faso,2021,1
Burkina Faso,2022,0
Burkina Faso,2023,0
Burkina Faso,2024,0
Burkina Faso,2025,0
Burundi,2010,0
Burundi,2011,0
Burundi,2012,0
Burundi,2013,0
Burundi,2014,0
Burundi,2015,0
Burundi,2016,0
Burundi,2017,0
Burundi,2018,0
Burundi,2019,0
Burundi,2020,0
Burundi,2021,0
Burundi,2022,0
Burundi,2023,0
Burundi,2024,0
Burundi,2025,0
Cambodia,2010,0
Cambodia,2011,0
Cambodia,2012,0
Cambodia,2013,0
Cambodia,2014,0
Cambodia,2015,0
Cambodia,2016,0
Cambodia,2017,0
Cambodia,2018,0
Cambodia,2019,0
Cambodia,2020,0
Cambodia,2021,0
Cambodia,2022,0
Cambodia,2023,0
Cambodia,2024,0
Cambodia,2025,0
Cameroon,2010,0
Cameroon,2011,0
Cameroon,2012,0
Cameroon,2013,0
Cameroon,2014,0
Cameroon,2015,0
Cameroon,2016,0
Cameroon,2017,0
Cameroon,2018,0
Cameroon,2019,0
Cameroon,2020,0
Cameroon,2021,0
Cameroon,2022,0
Cameroon,2023,0
Cameroon,2024,0
Cameroon,2025,0
Canada,2010,1
Canada,2011,1
Canada,2012,1
Canada,2013,1
Canada,2014,1
Canada,2015,1
Canada,2016,1
Canada,2017,1
Canada,2018,1
Canada,2019,1
Canada,2020,1
Canada,2021,1
Canada,2022,1
Canada,2023,1
Canada,2024,1
Canada,2025,1
Cape Verde,2010,1
Cape Verde,2011,1
Cape Verde,2012,1
Cape Verde,2013,1
Cape Verde,2014,1
Cape Verde,2015,1
Cape Verde,2016,1
Cape Verde,2017,1
Cape Verde,2018,1
Cape Verde,2019,1
Cape Verde,2020,1
Cape Verde,2021,1
Cape Verde,2022,1
Cape Verde,2023,1
Cape Verde,2024,1
Cape Verde,2025,1
Chad,2010,0
Chad,2011,0
Chad,2012,0
Chad,2013,0
Chad,2014,0
Chad,2015,0
Chad,2016,0
Chad,2017,0
Chad,2018,0
Chad,2019,0
Chad,2020,0
Chad,2021,0
Chad,2022,0
Chad,2023,0
Chad,2024,0
Chad,2025,0
Chile,2010,1
Chile,2011,1
Chile,2012,1
Chile,2013,1
Chile,2014,1
Chile,2015,1
Chile,2016,1
Chile,2017,1
Chile,2018,1
Chile,2019,1
Chile,2020,1
Chile,2021,1
Chile,2022,1
Chile,2023,1
Chile,2024,1
Chile,2025,1
China,2010,0
China,2011,0
China,2012,0
China,2013,0
China,2014,0
China,2015,0
China,2016,0
China,2017,0
China,2018,0
China,2019,0
China,2020,0
China,2021,0
China,2022,0
China,2023,0
China,2024,0
China,2025,0
Colombia,2010,1
Colombia,2011,1
Colombia,2012,1
Colombia,2013,1
Colombia,2014,1
Colombia,2015,1
Colombia,2016,1
Colombia,2017,1
Colombia,2018,1
Colombia,2019,1
Colombia,2020,1
Colombia,2021,1
Colombia,2022,1
Colombia,2023,1
Colombia,2024,1
Colombia,2025,1
Comoros,2010,0
Comoros,2011,0
Comoros,2012,0
Comoros,2013,0
Comoros,2014,0
Comoros,2015,0
Comoros,2016,0
Comoros,2017,0
Comoros,2018,0
Comoros,2019,0
Comoros,2020,0
Comoros,2021,0
Comoros,2022,0
Comoros,2023,0
Comoros,2024,0
Comoros,2025,0
Congo,2010,0
Congo,2011,0
Congo,2012,0
Congo,2013,0
Congo,2014,0
Congo,2015,0
Congo,2016,0
Congo,2017,0
Congo,2018,0
Congo,2019,0
Congo,2020,0
Congo,2021,0
Congo,2022,0
Congo,2023,0
Congo,2024,0
Congo,2025,0
Costa Rica,2010,1
Costa Rica,2011,1
Costa Rica,2012,1
Costa Rica,2013,1
Costa Rica,2014,1
Costa Rica,2015,1
Costa Rica,2016,1
Costa Rica,2017,1
Costa Rica,2018,1
Costa Rica,2019,1
Costa Rica,2020,1
Costa Rica,2021,1
Costa Rica,2022,1
Costa Rica,2023,1
Costa Rica,2024,1
Costa Rica,2025,1
Cote d'Ivoire,2010,0
Cote d'Ivoire,2011,0
Cote d'Ivoire,2012,0
Cote d'Ivoire,2013,0
Cote d'Ivoire,2014,0
Cote d'Ivoire,2015,0
Cote d'Ivoire,2016,1
Cote d'Ivoire,2017,1
Cote d'Ivoire,2018,1
Cote d'Ivoire,2019,1
Cote d'Ivoire,2020,0
Cote d'Ivoire,2021,0
Cote d'Ivoire,2022,0
Cote d'Ivoire,2023,0
Cote d'Ivoire,2024,0
Cote d'Ivoire,2025,0
Croatia,2010,1
Croatia,2011,1
Croatia,2012,1
Croatia,2013,1
Croatia,2014,1
Croatia,2015,1
Croatia,2016,1
Croatia,2017,1
Croatia,2018,1
Croatia,2019,1
Croatia,2020,1
Croatia,2021,1
Croatia,2022,1
Croatia,2023,1
Croatia,2024,1
Croatia,2025,1
Cuba,2010,0
Cuba,2011,0
Cuba,2012,0
Cuba,2013,0
Cuba,2014,0
Cuba,2015,0
Cuba,2016,0
Cuba,2017,0
Cuba,2018,0
Cuba,2019,0
Cuba,2020,0
Cuba,2021,0
Cuba,2022,0
Cuba,2023,0
Cuba,2024,0
Cuba,2025,0
Cyprus,2010,1
Cyprus,2011,1
Cyprus,2012,1
Cyprus,2013,1
Cyprus,2014,1
Cyprus,2015,1
Cyprus,2016,1
Cyprus,2017,1
Cyprus,2018,1
Cyprus,2019,1
Cyprus,2020,1
Cyprus,2021,1
Cyprus,2022,1
Cyprus,2023,1
Cyprus,2024,1
Cyprus,2025,1
Czechia,2010,1
Czechia,2011,1
Czechia,2012,1
Czechia,2013,1
Czechia,2014,1
Czechia,2015,1
Czechia,2016,1
Czechia,2017,1
Czechia,2018,1
Czechia,2019,1
Czechia,2020,1
Czechia,2021,1
Czechia,2022,1
Czechia,2023,1
Czechia,2024,1
Czechia,2025,1
Democratic Republic of Congo,2010,0
Democratic Republic of Congo,2011,0
Democratic Republic of Congo,2012,0
Democratic Republic of Congo,2013,0
Democratic Republic of Congo,2014,0
Democratic Republic of Congo,2015,0
Democratic Republic of Congo,2016,0
Democratic Republic of Congo,2017,0
Democratic Republic of Congo,2018,0
Democratic Republic of Congo,2019,0
Democratic Republic of Congo,2020,0
Democratic Republic of Congo,2021,0
Democratic Republic of Congo,2022,0
Democratic Republic of Congo,2023,0
Democratic Republic of Congo,2024,0
Democratic Republic of Congo,2025,0
Denmark,2010,1
Denmark,2011,1
Denmark,2012,1
Denmark,2013,1
Denmark,2014,1
Denmark,2015,1
Denmark,2016,1
Denmark,2017,1
Denmark,2018,1
Denmark,2019,1
Denmark,2020,1
Denmark,2021,1
Denmark,2022,1
Denmark,2023,1
Denmark,2024,1
Denmark,2025,1
Djibouti,2010,0
Djibouti,2011,0
Djibouti,2012,0
Djibouti,2013,0
Djibouti,2014,0
Djibouti,2015,0
Djibouti,2016,0
Djibouti,2017,0
Djibouti,2018,0
Djibouti,2019,0
Djibouti,2020,0
Djibouti,2021,0
Djibouti,2022,0
Djibouti,2023,0
Djibouti,2024,0
Djibouti,2025,0
Dominican Republic,2010,1
Dominican Republic,2011,1
Dominican Republic,2012,1
Dominican Republic,2013,1
Dominican Republic,2014,1
Dominican Republic,2015,1
Dominican Republic,2016,1
Dominican Republic,2017,1
Dominican Republic,2018,1
Dominican Republic,2019,1
Dominican Republic,2020,1
Dominican Republic,2021,1
Dominican Republic,2022,1
Dominican Republic,2023,1
Dominican Republic,2024,1
Dominican Republic,2025,1
East Timor,2010,1
East Timor,2011,1
East Timor,2012,1
East Timor,2013,1
East Timor,2014,1
East Timor,2015,1
East Timor,2016,1
East Timor,2017,1
East Timor,2018,1
East Timor,2019,1
East Timor,2020,1
East Timor,2021,1
East Timor,2022,1
East Timor,2023,1
East Timor,2024,1
East Timor,2025,1
Ecuador,2010,1
Ecuador,2011,1
Ecuador,2012,1
Ecuador,2013,1
Ecuador,2014,1
Ecuador,2015,1
Ecuador,2016,1
Ecuador,2017,1
Ecuador,2018,1
Ecuador,2019,1
Ecuador,2020,1
Ecuador,2021,1
Ecuador,2022,1
Ecuador,2023,1
Ecuador,2024,1
Ecuador,2025,1
El Salvador,2010,1
El Salvador,2011,1
El Salvador,2012,1
El Salvador,2013,1
El Salvador,2014,1
El Salvador,2015,1
El Salvador,2016,1
El Salvador,2017,1
El Salvador,2018,1
El Salvador,2019,1
El Salvador,2020,1
El Salvador,2021,0
El Salvador,2022,0
El Salvador,2023,0
El Salvador,2024,0
El Salvador,2025,0
Equatorial Guinea,2010,0
Equatorial Guinea,2011,0
Equatorial Guinea,2012,0
Equatorial Guinea,2013,0
Equatorial Guinea,2014,0
Equatorial Guinea,2015,0
Equatorial Guinea,2016,0
Equatorial Guinea,2017,0
Equatorial Guinea,2018,0
Equatorial Guinea,2019,0
Equatorial Guinea,2020,0
Equatorial Guinea,2021,0
Equatorial Guinea,2022,0
Equatorial Guinea,2023,0
Equatorial Guinea,2024,0
Equatorial Guinea,2025,0
Eritrea,2010,0
Eritrea,2011,0
Eritrea,2012,0
Eritrea,2013,0
Eritrea,2014,0
Eritrea,2015,0
Eritrea,2016,0
Eritrea,2017,0
Eritrea,2018,0
Eritrea,2019,0
Eritrea,2020,0
Eritrea,2021,0
Eritrea,2022,0
Eritrea,2023,0
Eritrea,2024,0
Eritrea,2025,0
Estonia,2010,1
Estonia,2011,1
Estonia,2012,1
Estonia,2013,1
Estonia,2014,1
Estonia,2015,1
Estonia,2016,1
Estonia,2017,1
Estonia,2018,1
Estonia,2019,1
Estonia,2020,1
Estonia,2021,1
Estonia,2022,1
Estonia,2023,1
Estonia,2024,1
Estonia,2025,1
Eswatini,2010,0
Eswatini,2011,0
Eswatini,2012,0
Eswatini,2013,0
Eswatini,2014,0
Eswatini,2015,0
Eswatini,2016,0
Eswatini,2017,0
Eswatini,2018,0
Eswatini,2019,0
Eswatini,2020,0
Eswatini,2021,0
Eswatini,2022,0
Eswatini,2023,0
Eswatini,2024,0
Eswatini,2025,0
Ethiopia,2010,0
Ethiopia,2011,0
Ethiopia,2012,0
Ethiopia,2013,0
Ethiopia,2014,0
Ethiopia,2015,0
Ethiopia,2016,0
Ethiopia,2017,0
Ethiopia,2018,0
Ethiopia,2019,0
Ethiopia,2020,0
Ethiopia,2021,0
Ethiopia,2022,0
Ethiopia,2023,0
Ethiopia,2024,0
Ethiopia,2025,0
Fiji,2010,0
Fiji,2011,0
Fiji,2012,0
Fiji,2013,0
Fiji,2014,0
Fiji,2015,0
Fiji,2016,0
Fiji,2017,0
Fiji,2018,0
Fiji,2019,0
Fiji,2020,0
Fiji,2021,0
Fiji,2022,0
Fiji,2023,1
Fiji,2024,1
Fiji,2025,1
Finland,2010,1
Finland,2011,1
Finland,2012,1
Finland,2013,1
Finland,2014,1
Finland,2015,1
Finland,2016,1
Finland,2017,1
Finland,2018,1
Finland,2019,1
Finland,2020,1
Finland,2021,1
Finland,2022,1
Finland,2023,1
Finland,2024,1
Finland,2025,1
France,2010,1
France,2011,1
France,2012,1
France,2013,1
France,2014,1
France,2015,1
France,2016,1
France,2017,1
France,2018,1
France,2019,1
France,2020,1
France,2021,1
France,2022,1
France,2023,1
France,2024,1
France,2025,1
Gabon,2010,0
Gabon,2011,0
Gabon,2012,0
Gabon,2013,0
Gabon,2014,0
Gabon,2015,0
Gabon,2016,0
Gabon,2017,0
Gabon,2018,0
Gabon,2019,0
Gabon,2020,0
Gabon,2021,0
Gabon,2022,0
Gabon,2023,0
Gabon,2024,0
Gabon,2025,0
Gambia,2010,0
Gambia,2011,0
Gambia,2012,0
Gambia,2013,0
Gambia,2014,0
Gambia,2015,0
Gambia,2016,0
Gambia,2017,0
Gambia,2018,1
Gambia,2019,1
Gambia,2020,0
Gambia,2021,1
Gambia,2022,1
Gambia,2023,1
Gambia,2024,1
Gambia,2025,1
Georgia,2010,0
Georgia,2011,0
Georgia,2012,1
Georgia,2013,1
Georgia,2014,1
Georgia,2015,1
Georgia,2016,1
Georgia,2017,1
Georgia,2018,1
Georgia,2019,1
Georgia,2020,1
Georgia,2021,1
Georgia,2022,1
Georgia,2023,1
Georgia,2024,0
Georgia,2025,0
Germany,2010,1
Germany,2011,1
Germany,2012,1
Germany,2013,1
Germany,2014,1
Germany,2015,1
Germany,2016,1
Germany,2017,1
Germany,2018,1
Germany,2019,1
Germany,2020,1
Germany,2021,1
Germany,2022,1
Germany,2023,1
Germany,2024,1
Germany,2025,1
Ghana,2010,1
Ghana,2011,1
Ghana,2012,1
Ghana,2013,1
Ghana,2014,1
Ghana,2015,1
Ghana,2016,1
Ghana,2017,1
Ghana,2018,1
Ghana,2019,1
Ghana,2020,1
Ghana,2021,1
Ghana,2022,1
Ghana,2023,1
Ghana,2024,1
Ghana,2025,1
Greece,2010,1
Greece,2011,1
Greece,2012,1
Greece,2013,1
Greece,2014,1
Greece,2015,1
Greece,2016,1
Greece,2017,1
Greece,2018,1
Greece,2019,1
Greece,2020,1
Greece,2021,1
Greece,2022,1
Greece,2023,1
Greece,2024,1
Greece,2025,1
Guatemala,2010,1
Guatemala,2011,1
Guatemala,2012,1
Guatemala,2013,1
Guatemala,2014,1
Guatemala,2015,1
Guatemala,2016,1
Guatemala,2017,1
Guatemala,2018,1
Guatemala,2019,1
Guatemala,2020,1
Guatemala,2021,1
Guatemala,2022,1
Guatemala,2023,1
Guatemala,2024,1
Guatemala,2025,1
Guinea-Bissau,2010,0
Guinea-Bissau,2011,0
Guinea-Bissau,2012,0
Guinea-Bissau,2013,0
Guinea-Bissau,2014,0
Guinea-Bissau,2015,1
Guinea-Bissau,2016,1
Guinea-Bissau,2017,0
Guinea-Bissau,2018,1
Guinea-Bissau,2019,1
Guinea-Bissau,2020,1
Guinea-Bissau,2021,1
Guinea-Bissau,2022,0
Guinea-Bissau,2023,0
Guinea-Bissau,2024,0
Guinea-Bissau,2025,0
Guyana,2010,1
Guyana,2011,1
Guyana,2012,1
Guyana,2013,1
Guyana,2014,1
Guyana,2015,1
Guyana,2016,1
Guyana,2017,1
Guyana,2018,1
Guyana,2019,1
Guyana,2020,1
Guyana,2021,0
Guyana,2022,0
Guyana,2023,0
Guyana,2024,0
Guyana,2025,1
Haiti,2010,0
Haiti,2011,0
Haiti,2012,0
Haiti,2013,0
Haiti,2014,0
Haiti,2015,0
Haiti,2016,0
Haiti,2017,0
Haiti,2018,0
Haiti,2019,0
Haiti,2020,0
Haiti,2021,0
Haiti,2022,0
Haiti,2023,0
Haiti,2024,0
Haiti,2025,0
Honduras,2010,0
Honduras,2011,0
Honduras,2012,0
Honduras,2013,0
Honduras,2014,0
Honduras,2015,0
Honduras,2016,0
Honduras,2017,0
Honduras,2018,0
Honduras,2019,0
Honduras,2020,0
Honduras,2021,0
Honduras,2022,1
Honduras,2023,1
Honduras,2024,1
Honduras,2025,1
Hong Kong,2010,0
Hong Kong,2011,0
Hong Kong,2012,0
Hong Kong,2013,0
Hong Kong,2014,0
Hong Kong,2015,0
Hong Kong,2016,0
Hong Kong,2017,0
Hong Kong,2018,0
Hong Kong,2019,0
Hong Kong,2020,0
Hong Kong,2021,0
Hong Kong,2022,0
Hong Kong,2023,0
Hong Kong,2024,0
Hong Kong,2025,0
Hungary,2010,1
Hungary,2011,1
Hungary,2012,1
Hungary,2013,1
Hungary,2014,1
Hungary,2015,1
Hungary,2016,1
Hungary,2017,1
Hungary,2018,0
Hungary,2019,0
Hungary,2020,0
Hungary,2021,0
Hungary,2022,0
Hungary,2023,0
Hungary,2024,0
Hungary,2025,0
Iceland,2010,1
Iceland,2011,1
Iceland,2012,1
Iceland,2013,1
Iceland,2014,1
Iceland,2015,1
Iceland,2016,1
Iceland,2017,1
Iceland,2018,1
Iceland,2019,1
Iceland,2020,1
Iceland,2021,1
Iceland,2022,1
Iceland,2023,1
Iceland,2024,1
Iceland,2025,1
India,2010,1
India,2011,1
India,2012,1
India,2013,1
India,2014,1
India,2015,1
India,2016,1
India,2017,0
India,2018,0
India,2019,0
India,2020,0
India,2021,0
India,2022,0
India,2023,0
India,2024,0
India,2025,0
Indonesia,2010,1
Indonesia,2011,1
Indonesia,2012,1
Indonesia,2013,1
Indonesia,2014,1
Indonesia,2015,1
Indonesia,2016,1
Indonesia,2017,1
Indonesia,2018,1
Indonesia,2019,1
Indonesia,2020,1
Indonesia,2021,1
Indonesia,2022,1
Indonesia,2023,1
Indonesia,2024,0
Indonesia,2025,0
Iran,2010,0
Iran,2011,0
Iran,2012,0
Iran,2013,0
Iran,2014,0
Iran,2015,0
Iran,2016,0
Iran,2017,0
Iran,2018,0
Iran,2019,0
Iran,2020,0
Iran,2021,0
Iran,2022,0
Iran,2023,0
Iran,2024,0
Iran,2025,0
Iraq,2010,0
Iraq,2011,0
Iraq,2012,0
Iraq,2013,0
Iraq,2014,0
Iraq,2015,0
Iraq,2016,0
Iraq,2017,0
Iraq,2018,0
Iraq,2019,0
Iraq,2020,0
Iraq,2021,0
Iraq,2022,0
Iraq,2023,0
Iraq,2024,0
Iraq,2025,0
Ireland,2010,1
Ireland,2011,1
Ireland,2012,1
Ireland,2013,1
Ireland,2014,1
Ireland,2015,1
Ireland,2016,1
Ireland,2017,1
Ireland,2018,1
Ireland,2019,1
Ireland,2020,1
Ireland,2021,1
Ireland,2022,1
Ireland,2023,1
Ireland,2024,1
Ireland,2025,1
Israel,2010,1
Israel,2011,1
Israel,2012,1
Israel,2013,1
Israel,2014,1
Israel,2015,1
Israel,2016,1
Israel,2017,1
Israel,2018,1
Israel,2019,1
Israel,2020,1
Israel,2021,1
Israel,2022,1
Israel,2023,1
Israel,2024,1
Israel,2025,1
Italy,2010,1
Italy,2011,1
Italy,2012,1
Italy,2013,1
Italy,2014,1
Italy,2015,1
Italy,2016,1
Italy,2017,1
Italy,2018,1
Italy,2019,1
Italy,2020,1
Italy,2021,1
Italy,2022,1
Italy,2023,1
Italy,2024,1
Italy,2025,1
Jamaica,2010,1
Jamaica,2011,1
Jamaica,2012,1
Jamaica,2013,1
Jamaica,2014,1
Jamaica,2015,1
Jamaica,2016,1
Jamaica,2017,1
Jamaica,2018,1
Jamaica,2019,1
Jamaica,2020,1
Jamaica,2021,1
Jamaica,2022,1
Jamaica,2023,1
Jamaica,2024,1
Jamaica,2025,1
Japan,2010,1
Japan,2011,1
Japan,2012,1
Japan,2013,1
Japan,2014,1
Japan,2015,1
Japan,2016,1
Japan,2017,1
Japan,2018,1
Japan,2019,1
Japan,2020,1
Japan,2021,1
Japan,2022,1
Japan,2023,1
Japan,2024,1
Japan,2025,1
Jordan,2010,0
Jordan,2011,0
Jordan,2012,0
Jordan,2013,0
Jordan,2014,0
Jordan,2015,0
Jordan,2016,0
Jordan,2017,0
Jordan,2018,0
Jordan,2019,0
Jordan,2020,0
Jordan,2021,0
Jordan,2022,0
Jordan,2023,0
Jordan,2024,0
Jordan,2025,0
Kazakhstan,2010,0
Kazakhstan,2011,0
Kazakhstan,2012,0
Kazakhstan,2013,0
Kazakhstan,2014,0
Kazakhstan,2015,0
Kazakhstan,2016,0
Kazakhstan,2017,0
Kazakhstan,2018,0
Kazakhstan,2019,0
Kazakhstan,2020,0
Kazakhstan,2021,0
Kazakhstan,2022,0
Kazakhstan,2023,0
Kazakhstan,2024,0
Kazakhstan,2025,0
Kenya,2010,0
Kenya,2011,0
Kenya,2012,0
Kenya,2013,1
Kenya,2014,1
Kenya,2015,1
Kenya,2016,1
Kenya,2017,0
Kenya,2018,0
Kenya,2019,0
Kenya,2020,0
Kenya,2021,0
Kenya,2022,1
Kenya,2023,1
Kenya,2024,1
Kenya,2025,1
Kosovo,2010,1
Kosovo,2011,1
Kosovo,2012,1
Kosovo,2013,1
Kosovo,2014,1
Kosovo,2015,1
Kosovo,2016,1
Kosovo,2017,1
Kosovo,2018,1
Kosovo,2019,1
Kosovo,2020,1
Kosovo,2021,1
Kosovo,2022,1
Kosovo,2023,1
Kosovo,2024,1
Kosovo,2025,1
Kuwait,2010,0
Kuwait,2011,0
Kuwait,2012,0
Kuwait,2013,0
Kuwait,2014,0
Kuwait,2015,0
Kuwait,2016,0
Kuwait,2017,0
Kuwait,2018,0
Kuwait,2019,0
Kuwait,2020,0
Kuwait,2021,0
Kuwait,2022,0
Kuwait,2023,0
Kuwait,2024,0
Kuwait,2025,0
Kyrgyzstan,2010,0
Kyrgyzstan,2011,0
Kyrgyzstan,2012,0
Kyrgyzstan,2013,0
Kyrgyzstan,2014,0
Kyrgyzstan,2015,0
Kyrgyzstan,2016,0
Kyrgyzstan,2017,0
Kyrgyzstan,2018,0
Kyrgyzstan,2019,0
Kyrgyzstan,2020,0
Kyrgyzstan,2021,0
Kyrgyzstan,2022,0
Kyrgyzstan,2023,0
Kyrgyzstan,2024,0
Kyrgyzstan,2025,0
Laos,2010,0
Laos,2011,0
Laos,2012,0
Laos,2013,0
Laos,2014,0
Laos,2015,0
Laos,2016,0
Laos,2017,0
Laos,2018,0
Laos,2019,0
Laos,2020,0
Laos,2021,0
Laos,2022,0
Laos,2023,0
Laos,2024,0
Laos,2025,0
Latvia,2010,1
Latvia,2011,1
Latvia,2012,1
Latvia,2013,1
Latvia,2014,1
Latvia,2015,1
Latvia,2016,1
Latvia,2017,1
Latvia,2018,1
Latvia,2019,1
Latvia,2020,1
Latvia,2021,1
Latvia,2022,1
Latvia,2023,1
Latvia,2024,1
Latvia,2025,1
Lebanon,2010,0
Lebanon,2011,0
Lebanon,2012,0
Lebanon,2013,0
Lebanon,2014,0
Lebanon,2015,0
Lebanon,2016,0
Lebanon,2017,0
Lebanon,2018,0
Lebanon,2019,0
Lebanon,2020,0
Lebanon,2021,0
Lebanon,2022,0
Lebanon,2023,0
Lebanon,2024,0
Lebanon,2025,0
Lesotho,2010,1
Lesotho,2011,1
Lesotho,2012,1
Lesotho,2013,1
Lesotho,2014,1
Lesotho,2015,1
Lesotho,2016,1
Lesotho,2017,1
Lesotho,2018,1
Lesotho,2019,1
Lesotho,2020,1
Lesotho,2021,1
Lesotho,2022,1
Lesotho,2023,1
Lesotho,2024,1
Lesotho,2025,1
Liberia,2010,1
Liberia,2011,1
Liberia,2012,1
Liberia,2013,1
Liberia,2014,1
Liberia,2015,1
Liberia,2016,1
Liberia,2017,1
Liberia,2018,1
Liberia,2019,1
Liberia,2020,1
Liberia,2021,1
Liberia,2022,1
Liberia,2023,1
Liberia,2024,1
Liberia,2025,1
Libya,2010,0
Libya,2011,0
Libya,2012,0
Libya,2013,1
Libya,2014,0
Libya,2015,0
Libya,2016,0
Libya,2017,0
Libya,2018,0
Libya,2019,0
Libya,2020,0
Libya,2021,0
Libya,2022,0
Libya,2023,0
Libya,2024,0
Libya,2025,0
Lithuania,2010,1
Lithuania,2011,1
Lithuania,2012,1
Lithuania,2013,1
Lithuania,2014,1
Lithuania,2015,1
Lithuania,2016,1
Lithuania,2017,1
Lithuania,2018,1
Lithuania,2019,1
Lithuania,2020,1
Lithuania,2021,1
Lithuania,2022,1
Lithuania,2023,1
Lithuania,2024,1
Lithuania,2025,1
Luxembourg,2010,1
Luxembourg,2011,1
Luxembourg,2012,1
Luxembourg,2013,1
Luxembourg,2014,1
Luxembourg,2015,1
Luxembourg,2016,1
Luxembourg,2017,1
Luxembourg,2018,1
Luxembourg,2019,1
Luxembourg,2020,1
Luxembourg,2021,1
Luxembourg,2022,1
Luxembourg,2023,1
Luxembourg,2024,1
Luxembourg,2025,1
Madagascar,2010,0
Madagascar,2011,0
Madagascar,2012,0
Madagascar,2013,0
Madagascar,2014,0
Madagascar,2015,0
Madagascar,2016,0
Madagascar,2017,0
Madagascar,2018,0
Madagascar,2019,0
Madagascar,2020,0
Madagascar,2021,0
Madagascar,2022,0
Madagascar,2023,0
Madagascar,2024,0
Madagascar,2025,0
Malawi,2010,1
Malawi,2011,1
Malawi,2012,1
Malawi,2013,1
Malawi,2014,1
Malawi,2015,1
Malawi,2016,1
Malawi,2017,1
Malawi,2018,1
Malawi,2019,0
Malawi,2020,1
Malawi,2021,1
Malawi,2022,1
Malawi,2023,1
Malawi,2024,1
Malawi,2025,1
Malaysia,2010,0
Malaysia,2011,0
Malaysia,2012,0
Malaysia,2013,0
Malaysia,2014,0
Malaysia,2015,0
Malaysia,2016,0
Malaysia,2017,0
Malaysia,2018,0
Malaysia,2019,0
Malaysia,2020,0
Malaysia,2021,0
Malaysia,2022,0
Malaysia,2023,1
Malaysia,2024,1
Malaysia,2025,1
Maldives,2010,1
Maldives,2011,1
Maldives,2012,1
Maldives,2013,0
Maldives,2014,0
Maldives,2015,0
Maldives,2016,0
Maldives,2017,0
Maldives,2018,0
Maldives,2019,1
Maldives,2020,1
Maldives,2021,1
Maldives,2022,1
Maldives,2023,1
Maldives,2024,1
Maldives,2025,1
Mali,2010,1
Mali,2011,1
Mali,2012,0
Mali,2013,0
Mali,2014,1
Mali,2015,1
Mali,2016,1
Mali,2017,1
Mali,2018,0
Mali,2019,0
Mali,2020,0
Mali,2021,0
Mali,2022,0
Mali,2023,0
Mali,2024,0
Mali,2025,0
Malta,2010,1
Malta,2011,1
Malta,2012,1
Malta,2013,1
Malta,2014,1
Malta,2015,1
Malta,2016,1
Malta,2017,1
Malta,2018,1
Malta,2019,1
Malta,2020,1
Malta,2021,1
Malta,2022,1
Malta,2023,1
Malta,2024,1
Malta,2025,1
Mauritania,2010,0
Mauritania,2011,0
Mauritania,2012,0
Mauritania,2013,0
Mauritania,2014,0
Mauritania,2015,0
Mauritania,2016,0
Mauritania,2017,0
Mauritania,2018,0
Mauritania,2019,0
Mauritania,2020,0
Mauritania,2021,0
Mauritania,2022,0
Mauritania,2023,0
Mauritania,2024,0
Mauritania,2025,0
Mauritius,2010,1
Mauritius,2011,1
Mauritius,2012,1
Mauritius,2013,1
Mauritius,2014,1
Mauritius,2015,1
Mauritius,2016,1
Mauritius,2017,1
Mauritius,2018,1
Mauritius,2019,1
Mauritius,2020,1
Mauritius,2021,1
Mauritius,2022,1
Mauritius,2023,0
Mauritius,2024,0
Mauritius,2025,1
Mexico,2010,1
Mexico,2011,1
Mexico,2012,1
Mexico,2013,1
Mexico,2014,1
Mexico,2015,1
Mexico,2016,1
Mexico,2017,1
Mexico,2018,1
Mexico,2019,1
Mexico,2020,1
Mexico,2021,1
Mexico,2022,1
Mexico,2023,1
Mexico,2024,0
Mexico,2025,0
Moldova,2010,1
Moldova,2011,1
Moldova,2012,1
Moldova,2013,1
Moldova,2014,1
Moldova,2015,1
Moldova,2016,1
Moldova,2017,1
Moldova,2018,1
Moldova,2019,1
Moldova,2020,1
Moldova,2021,1
Moldova,2022,1
Moldova,2023,1
Moldova,2024,1
Moldova,2025,1
Mongolia,2010,1
Mongolia,2011,1
Mongolia,2012,1
Mongolia,2013,1
Mongolia,2014,1
Mongolia,2015,1
Mongolia,2016,1
Mongolia,2017,1
Mongolia,2018,1
Mongolia,2019,1
Mongolia,2020,1
Mongolia,2021,1
Mongolia,2022,1
Mongolia,2023,1
Mongolia,2024,0
Mongolia,2025,1
Montenegro,2010,1
Montenegro,2011,1
Montenegro,2012,1
Montenegro,2013,0
Montenegro,2014,0
Montenegro,2015,0
Montenegro,2016,0
Montenegro,2017,0
Montenegro,2018,0
Montenegro,2019,0
Montenegro,2020,0
Montenegro,2021,1
Montenegro,2022,1
Montenegro,2023,1
Montenegro,2024,1
Montenegro,2025,1
Morocco,2010,0
Morocco,2011,0
Morocco,2012,0
Morocco,2013,0
Morocco,2014,0
Morocco,2015,0
Morocco,2016,0
Morocco,2017,0
Morocco,2018,0
Morocco,2019,0
Morocco,2020,0
Morocco,2021,0
Morocco,2022,0
Morocco,2023,0
Morocco,2024,0
Morocco,2025,0
Mozambique,2010,0
Mozambique,2011,0
Mozambique,2012,0
Mozambique,2013,0
Mozambique,2014,0
Mozambique,2015,0
Mozambique,2016,0
Mozambique,2017,0
Mozambique,2018,0
Mozambique,2019,0
Mozambique,2020,0
Mozambique,2021,0
Mozambique,2022,0
Mozambique,2023,0
Mozambique,2024,0
Mozambique,2025,0
Myanmar,2010,0
Myanmar,2011,0
Myanmar,2012,0
Myanmar,2013,0
Myanmar,2014,0
Myanmar,2015,0
Myanmar,2016,0
Myanmar,2017,0
Myanmar,2018,0
Myanmar,2019,0
Myanmar,2020,0
Myanmar,2021,0
Myanmar,2022,0
Myanmar,2023,0
Myanmar,2024,0
Myanmar,2025,0
Namibia,2010,1
Namibia,2011,1
Namibia,2012,1
Namibia,2013,1
Namibia,2014,1
Namibia,2015,1
Namibia,2016,1
Namibia,2017,1
Namibia,2018,1
Namibia,2019,1
Namibia,2020,1
Namibia,2021,1
Namibia,2022,1
Namibia,2023,1
Namibia,2024,1
Namibia,2025,1
Nepal,2010,1
Nepal,2011,1
Nepal,2012,0
Nepal,2013,0
Nepal,2014,1
Nepal,2015,1
Nepal,2016,1
Nepal,2017,1
Nepal,2018,1
Nepal,2019,1
Nepal,2020,1
Nepal,2021,1
Nepal,2022,1
Nepal,2023,1
Nepal,2024,1
Nepal,2025,1
Netherlands,2010,1
Netherlands,2011,1
Netherlands,2012,1
Netherlands,2013,1
Netherlands,2014,1
Netherlands,2015,1
Netherlands,2016,1
Netherlands,2017,1
Netherlands,2018,1
Netherlands,2019,1
Netherlands,2020,1
Netherlands,2021,1
Netherlands,2022,1
Netherlands,2023,1
Netherlands,2024,1
Netherlands,2025,1
New Zealand,2010,1
New Zealand,2011,1
New Zealand,2012,1
New Zealand,2013,1
New Zealand,2014,1
New Zealand,2015,1
New Zealand,2016,1
New Zealand,2017,1
New Zealand,2018,1
New Zealand,2019,1
New Zealand,2020,1
New Zealand,2021,1
New Zealand,2022,1
New Zealand,2023,1
New Zealand,2024,1
New Zealand,2025,1
Nicaragua,2010,0
Nicaragua,2011,0
Nicaragua,2012,0
Nicaragua,2013,0
Nicaragua,2014,0
Nicaragua,2015,0
Nicaragua,2016,0
Nicaragua,2017,0
Nicaragua,2018,0
Nicaragua,2019,0
Nicaragua,2020,0
Nicaragua,2021,0
Nicaragua,2022,0
Nicaragua,2023,0
Nicaragua,2024,0
Nicaragua,2025,0
Niger,2010,0
Niger,2011,1
Niger,2012,1
Niger,2013,1
Niger,2014,1
Niger,2015,1
Niger,2016,1
Niger,2017,1
Niger,2018,1
Niger,2019,1
Niger,2020,1
Niger,2021,1
Niger,2022,1
Niger,2023,0
Niger,2024,0
Niger,2025,0
Nigeria,2010,0
Nigeria,2011,0
Nigeria,2012,1
Nigeria,2013,1
Nigeria,2014,1
Nigeria,2015,1
Nigeria,2016,1
Nigeria,2017,1
Nigeria,2018,1
Nigeria,2019,1
Nigeria,2020,1
Nigeria,2021,0
Nigeria,2022,0
Nigeria,2023,0
Nigeria,2024,0
Nigeria,2025,1
North Korea,2010,0
North Korea,2011,0
North Korea,2012,0
North Korea,2013,0
North Korea,2014,0
North Korea,2015,0
North Korea,2016,0
North Korea,2017,0
North Korea,2018,0
North Korea,2019,0
North Korea,2020,0
North Korea,2021,0
North Korea,2022,0
North Korea,2023,0
North Korea,2024,0
North Korea,2025,0
North Macedonia,2010,1
North Macedonia,2011,0
North Macedonia,2012,0
North Macedonia,2013,0
North Macedonia,2014,0
North Macedonia,2015,0
North Macedonia,2016,0
North Macedonia,2017,1
North Macedonia,2018,1
North Macedonia,2019,1
North Macedonia,2020,1
North Macedonia,2021,1
North Macedonia,2022,1
North Macedonia,2023,1
North Macedonia,2024,1
North Macedonia,2025,1
Norway,2010,1
Norway,2011,1
Norway,2012,1
Norway,2013,1
Norway,2014,1
Norway,2015,1
Norway,2016,1
Norway,2017,1
Norway,2018,1
Norway,2019,1
Norway,2020,1
Norway,2021,1
Norway,2022,1
Norway,2023,1
Norway,2024,1
Norway,2025,1
Oman,2010,0
Oman,2011,0
Oman,2012,0
Oman,2013,0
Oman,2014,0
Oman,2015,0
Oman,2016,0
Oman,2017,0
Oman,2018,0
Oman,2019,0
Oman,2020,0
Oman,2021,0
Oman,2022,0
Oman,2023,0
Oman,2024,0
Oman,2025,0
Pakistan,2010,0
Pakistan,2011,0
Pakistan,2012,0
Pakistan,2013,0
Pakistan,2014,0
Pakistan,2015,0
Pakistan,2016,0
Pakistan,2017,0
Pakistan,2018,0
Pakistan,2019,0
Pakistan,2020,0
Pakistan,2021,0
Pakistan,2022,0
Pakistan,2023,0
Pakistan,2024,0
Pakistan,2025,0
Palestine/Gaza,2010,0
Palestine/Gaza,2011,0
Palestine/Gaza,2012,0
Palestine/Gaza,2013,0
Palestine/Gaza,2014,0
Palestine/Gaza,2015,0
Palestine/Gaza,2016,0
Palestine/Gaza,2017,0
Palestine/Gaza,2018,0
Palestine/Gaza,2019,0
Palestine/Gaza,2020,0
Palestine/Gaza,2021,0
Palestine/Gaza,2022,0
Palestine/Gaza,2023,0
Palestine/Gaza,2024,0
Palestine/Gaza,2025,0
Palestine/West Bank,2010,0
Palestine/West Bank,2011,0
Palestine/West Bank,2012,0
Palestine/West Bank,2013,0
Palestine/West Bank,2014,0
Palestine/West Bank,2015,0
Palestine/West Bank,2016,0
Palestine/West Bank,2017,0
Palestine/West Bank,2018,0
Palestine/West Bank,2019,0
Palestine/West Bank,2020,0
Palestine/West Bank,2021,0
Palestine/West Bank,2022,0
Palestine/West Bank,2023,0
Palestine/West Bank,2024,0
Palestine/West Bank,2025,0
Panama,2010,1
Panama,2011,1
Panama,2012,1
Panama,2013,1
Panama,2014,1
Panama,2015,1
Panama,2016,1
Panama,2017,1
Panama,2018,1
Panama,2019,1
Panama,2020,1
Panama,2021,1
Panama,2022,1
Panama,2023,1
Panama,2024,1
Panama,2025,1
Papua New Guinea,2010,0
Papua New Guinea,2011,0
Papua New Guinea,2012,0
Papua New Guinea,2013,0
Papua New Guinea,2014,0
Papua New Guinea,2015,0
Papua New Guinea,2016,0
Papua New Guinea,2017,0
Papua New Guinea,2018,0
Papua New Guinea,2019,0
Papua New Guinea,2020,0
Papua New Guinea,2021,0
Papua New Guinea,2022,0
Papua New Guinea,2023,0
Papua New Guinea,2024,0
Papua New Guinea,2025,0
Paraguay,2010,1
Paraguay,2011,1
Paraguay,2012,1
Paraguay,2013,1
Paraguay,2014,1
Paraguay,2015,1
Paraguay,2016,1
Paraguay,2017,1
Paraguay,2018,1
Paraguay,2019,1
Paraguay,2020,1
Paraguay,2021,1
Paraguay,2022,1
Paraguay,2023,1
Paraguay,2024,1
Paraguay,2025,1
Peru,2010,1
Peru,2011,1
Peru,2012,1
Peru,2013,1
Peru,2014,1
Peru,2015,1
Peru,2016,1
Peru,2017,1
Peru,2018,1
Peru,2019,1
Peru,2020,1
Peru,2021,1
Peru,2022,1
Peru,2023,1
Peru,2024,1
Peru,2025,1
Philippines,2010,1
Philippines,2011,1
Philippines,2012,1
Philippines,2013,1
Philippines,2014,1
Philippines,2015,1
Philippines,2016,0
Philippines,2017,0
Philippines,2018,0
Philippines,2019,0
Philippines,2020,0
Philippines,2021,0
Philippines,2022,0
Philippines,2023,0
Philippines,2024,0
Philippines,2025,0
Poland,2010,1
Poland,2011,1
Poland,2012,1
Poland,2013,1
Poland,2014,1
Poland,2015,1
Poland,2016,1
Poland,2017,1
Poland,2018,1
Poland,2019,1
Poland,2020,1
Poland,2021,1
Poland,2022,1
Poland,2023,1
Poland,2024,1
Poland,2025,1
Portugal,2010,1
Portugal,2011,1
Portugal,2012,1
Portugal,2013,1
Portugal,2014,1
Portugal,2015,1
Portugal,2016,1
Portugal,2017,1
Portugal,2018,1
Portugal,2019,1
Portugal,2020,1
Portugal,2021,1
Portugal,2022,1
Portugal,2023,1
Portugal,2024,1
Portugal,2025,1
Qatar,2010,0
Qatar,2011,0
Qatar,2012,0
Qatar,2013,0
Qatar,2014,0
Qatar,2015,0
Qatar,2016,0
Qatar,2017,0
Qatar,2018,0
Qatar,2019,0
Qatar,2020,0
Qatar,2021,0
Qatar,2022,0
Qatar,2023,0
Qatar,2024,0
Qatar,2025,0
Romania,2010,1
Romania,2011,1
Romania,2012,1
Romania,2013,1
Romania,2014,1
Romania,2015,1
Romania,2016,1
Romania,2017,1
Romania,2018,1
Romania,2019,1
Romania,2020,1
Romania,2021,1
Romania,2022,1
Romania,2023,1
Romania,2024,1
Romania,2025,1
Russia,2010,0
Russia,2011,0
Russia,2012,0
Russia,2013,0
Russia,2014,0
Russia,2015,0
Russia,2016,0
Russia,2017,0
Russia,2018,0
Russia,2019,0
Russia,2020,0
Russia,2021,0
Russia,2022,0
Russia,2023,0
Russia,2024,0
Russia,2025,0
Rwanda,2010,0
Rwanda,2011,0
Rwanda,2012,0
Rwanda,2013,0
Rwanda,2014,0
Rwanda,2015,0
Rwanda,2016,0
Rwanda,2017,0
Rwanda,2018,0
Rwanda,2019,0
Rwanda,2020,0
Rwanda,2021,0
Rwanda,2022,0
Rwanda,2023,0
Rwanda,2024,0
Rwanda,2025,0
Sao Tome and Principe,2010,1
Sao Tome and Principe,2011,1
Sao Tome and Principe,2012,1
Sao Tome and Principe,2013,1
Sao Tome and Principe,2014,1
Sao Tome and Principe,2015,1
Sao Tome and Principe,2016,1
Sao Tome and Principe,2017,1
Sao Tome and Principe,2018,1
Sao Tome and Principe,2019,1
Sao Tome and Principe,2020,1
Sao Tome and Principe,2021,1
Sao Tome and Principe,2022,1
Sao Tome and Principe,2023,1
Sao Tome and Principe,2024,1
Sao Tome and Principe,2025,1
Saudi Arabia,2010,0
Saudi Arabia,2011,0
Saudi Arabia,2012,0
Saudi Arabia,2013,0
Saudi Arabia,2014,0
Saudi Arabia,2015,0
Saudi Arabia,2016,0
Saudi Arabia,2017,0
Saudi Arabia,2018,0
Saudi Arabia,2019,0
Saudi Arabia,2020,0
Saudi Arabia,2021,0
Saudi Arabia,2022,0
Saudi Arabia,2023,0
Saudi Arabia,2024,0
Saudi Arabia,2025,0
Senegal,2010,1
Senegal,2011,1
Senegal,2012,1
Senegal,2013,1
Senegal,2014,1
Senegal,2015,1
Senegal,2016,1
Senegal,2017,1
Senegal,2018,1
Senegal,2019,1
Senegal,2020,1
Senegal,2021,1
Senegal,2022,1
Senegal,2023,1
Senegal,2024,1
Senegal,2025,1
Serbia,2010,1
Serbia,2011,1
Serbia,2012,1
Serbia,2013,1
Serbia,2014,0
Serbia,2015,0
Serbia,2016,0
Serbia,2017,0
Serbia,2018,0
Serbia,2019,0
Serbia,2020,0
Serbia,2021,0
Serbia,2022,0
Serbia,2023,0
Serbia,2024,0
Serbia,2025,0
Seychelles,2010,0
Seychelles,2011,0
Seychelles,2012,0
Seychelles,2013,0
Seychelles,2014,0
Seychelles,2015,1
Seychelles,2016,1
Seychelles,2017,1
Seychelles,2018,1
Seychelles,2019,1
Seychelles,2020,1
Seychelles,2021,1
Seychelles,2022,1
Seychelles,2023,1
Seychelles,2024,1
Seychelles,2025,1
Sierra Leone,2010,1
Sierra Leone,2011,1
Sierra Leone,2012,1
Sierra Leone,2013,1
Sierra Leone,2014,1
Sierra Leone,2015,1
Sierra Leone,2016,1
Sierra Leone,2017,1
Sierra Leone,2018,1
Sierra Leone,2019,1
Sierra Leone,2020,1
Sierra Leone,2021,1
Sierra Leone,2022,1
Sierra Leone,2023,0
Sierra Leone,2024,0
Sierra Leone,2025,0
Singapore,2010,0
Singapore,2011,0
Singapore,2012,0
Singapore,2013,0
Singapore,2014,0
Singapore,2015,0
Singapore,2016,0
Singapore,2017,0
Singapore,2018,0
Singapore,2019,0
Singapore,2020,0
Singapore,2021,0
Singapore,2022,0
Singapore,2023,0
Singapore,2024,0
Singapore,2025,0
Slovakia,2010,1
Slovakia,2011,1
Slovakia,2012,1
Slovakia,2013,1
Slovakia,2014,1
Slovakia,2015,1
Slovakia,2016,1
Slovakia,2017,1
Slovakia,2018,1
Slovakia,2019,1
Slovakia,2020,1
Slovakia,2021,1
Slovakia,2022,1
Slovakia,2023,1
Slovakia,2024,1
Slovakia,2025,1
Slovenia,2010,1
Slovenia,2011,1
Slovenia,2012,1
Slovenia,2013,1
Slovenia,2014,1
Slovenia,2015,1
Slovenia,2016,1
Slovenia,2017,1
Slovenia,2018,1
Slovenia,2019,1
Slovenia,2020,1
Slovenia,2021,1
Slovenia,2022,1
Slovenia,2023,1
Slovenia,2024,1
Slovenia,2025,1
Solomon Islands,2010,1
Solomon Islands,2011,1
Solomon Islands,2012,1
Solomon Islands,2013,1
Solomon Islands,2014,1
Solomon Islands,2015,1
Solomon Islands,2016,1
Solomon Islands,2017,1
Solomon Islands,2018,1
Solomon Islands,2019,1
Solomon Islands,2020,1
Solomon Islands,2021,1
Solomon Islands,2022,1
Solomon Islands,2023,1
Solomon Islands,2024,1
Solomon Islands,2025,1
Somalia,2010,0
Somalia,2011,0
Somalia,2012,0
Somalia,2013,0
Somalia,2014,0
Somalia,2015,0
Somalia,2016,0
Somalia,2017,0
Somalia,2018,0
Somalia,2019,0
Somalia,2020,0
Somalia,2021,0
Somalia,2022,0
Somalia,2023,0
Somalia,2024,0
Somalia,2025,0
Somaliland,2010,0
Somaliland,2011,0
Somaliland,2012,0
Somaliland,2013,0
Somaliland,2014,0
Somaliland,2015,0
Somaliland,2016,0
Somaliland,2017,0
Somaliland,2018,0
Somaliland,2019,0
Somaliland,2020,0
Somaliland,2021,0
Somaliland,2022,0
Somaliland,2023,0
Somaliland,2024,0
Somaliland,2025,0
South Africa,2010,1
South Africa,2011,1
South Africa,2012,1
South Africa,2013,1
South Africa,2014,1
South Africa,2015,1
South Africa,2016,1
South Africa,2017,1
South Africa,2018,1
South Africa,2019,1
South Africa,2020,1
South Africa,2021,1
South Africa,2022,1
South Africa,2023,1
South Africa,2024,1
South Africa,2025,1
South Korea,2010,1
South Korea,2011,1
South Korea,2012,1
South Korea,2013,1
South Korea,2014,1
South Korea,2015,1
South Korea,2016,1
South Korea,2017,1
South Korea,2018,1
South Korea,2019,1
South Korea,2020,1
South Korea,2021,1
South Korea,2022,1
South Korea,2023,1
South Korea,2024,1
South Korea,2025,1
South Sudan,2010,0
South Sudan,2011,0
South Sudan,2012,0
South Sudan,2013,0
South Sudan,2014,0
South Sudan,2015,0
South Sudan,2016,0
South Sudan,2017,0
South Sudan,2018,0
South Sudan,2019,0
South Sudan,2020,0
South Sudan,2021,0
South Sudan,2022,0
South Sudan,2023,0
South Sudan,2024,0
South Sudan,2025,0
Spain,2010,1
Spain,2011,1
Spain,2012,1
Spain,2013,1
Spain,2014,1
Spain,2015,1
Spain,2016,1
Spain,2017,1
Spain,2018,1
Spain,2019,1
Spain,2020,1
Spain,2021,1
Spain,2022,1
Spain,2023,1
Spain,2024,1
Spain,2025,1
Sri Lanka,2010,0
Sri Lanka,2011,0
Sri Lanka,2012,0
Sri Lanka,2013,0
Sri Lanka,2014,0
Sri Lanka,2015,1
Sri Lanka,2016,1
Sri Lanka,2017,1
Sri Lanka,2018,1
Sri Lanka,2019,1
Sri Lanka,2020,1
Sri Lanka,2021,1
Sri Lanka,2022,1
Sri Lanka,2023,1
Sri Lanka,2024,1
Sri Lanka,2025,1
Sudan,2010,0
Sudan,2011,0
Sudan,2012,0
Sudan,2013,0
Sudan,2014,0
Sudan,2015,0
Sudan,2016,0
Sudan,2017,0
Sudan,2018,0
Sudan,2019,0
Sudan,2020,0
Sudan,2021,0
Sudan,2022,0
Sudan,2023,0
Sudan,2024,0
Sudan,2025,0
Suriname,2010,1
Suriname,2011,1
Suriname,2012,1
Suriname,2013,1
Suriname,2014,1
Suriname,2015,1
Suriname,2016,1
Suriname,2017,1
Suriname,2018,1
Suriname,2019,1
Suriname,2020,1
Suriname,2021,1
Suriname,2022,1
Suriname,2023,1
Suriname,2024,1
Suriname,2025,1
Sweden,2010,1
Sweden,2011,1
Sweden,2012,1
Sweden,2013,1
Sweden,2014,1
Sweden,2015,1
Sweden,2016,1
Sweden,2017,1
Sweden,2018,1
Sweden,2019,1
Sweden,2020,1
Sweden,2021,1
Sweden,2022,1
Sweden,2023,1
Sweden,2024,1
Sweden,2025,1
Switzerland,2010,1
Switzerland,2011,1
Switzerland,2012,1
Switzerland,2013,1
Switzerland,2014,1
Switzerland,2015,1
Switzerland,2016,1
Switzerland,2017,1
Switzerland,2018,1
Switzerland,2019,1
Switzerland,2020,1
Switzerland,2021,1
Switzerland,2022,1
Switzerland,2023,1
Switzerland,2024,1
Switzerland,2025,1
Syria,2010,0
Syria,2011,0
Syria,2012,0
Syria,2013,0
Syria,2014,0
Syria,2015,0
Syria,2016,0
Syria,2017,0
Syria,2018,0
Syria,2019,0
Syria,2020,0
Syria,2021,0
Syria,2022,0
Syria,2023,0
Syria,2024,0
Syria,2025,0
Taiwan,2010,1
Taiwan,2011,1
Taiwan,2012,1
Taiwan,2013,1
Taiwan,2014,1
Taiwan,2015,1
Taiwan,2016,1
Taiwan,2017,1
Taiwan,2018,1
Taiwan,2019,1
Taiwan,2020,1
Taiwan,2021,1
Taiwan,2022,1
Taiwan,2023,1
Taiwan,2024,1
Taiwan,2025,1
Tajikistan,2010,0
Tajikistan,2011,0
Tajikistan,2012,0
Tajikistan,2013,0
Tajikistan,2014,0
Tajikistan,2015,0
Tajikistan,2016,0
Tajikistan,2017,0
Tajikistan,2018,0
Tajikistan,2019,0
Tajikistan,2020,0
Tajikistan,2021,0
Tajikistan,2022,0
Tajikistan,2023,0
Tajikistan,2024,0
Tajikistan,2025,0
Tanzania,2010,0
Tanzania,2011,0
Tanzania,2012,0
Tanzania,2013,0
Tanzania,2014,0
Tanzania,2015,0
Tanzania,2016,0
Tanzania,2017,0
Tanzania,2018,0
Tanzania,2019,0
Tanzania,2020,0
Tanzania,2021,0
Tanzania,2022,0
Tanzania,2023,0
Tanzania,2024,0
Tanzania,2025,0
Thailand,2010,0
Thailand,2011,0
Thailand,2012,0
Thailand,2013,0
Thailand,2014,0
Thailand,2015,0
Thailand,2016,0
Thailand,2017,0
Thailand,2018,0
Thailand,2019,0
Thailand,2020,0
Thailand,2021,0
Thailand,2022,0
Thailand,2023,0
Thailand,2024,0
Thailand,2025,0
Togo,2010,0
Togo,2011,0
Togo,2012,0
Togo,2013,0
Togo,2014,0
Togo,2015,0
Togo,2016,0
Togo,2017,0
Togo,2018,0
Togo,2019,0
Togo,2020,0
Togo,2021,0
Togo,2022,0
Togo,2023,0
Togo,2024,0
Togo,2025,0
Trinidad and Tobago,2010,1
Trinidad and Tobago,2011,1
Trinidad and Tobago,2012,1
Trinidad and Tobago,2013,1
Trinidad and Tobago,2014,1
Trinidad and Tobago,2015,1
Trinidad and Tobago,2016,1
Trinidad and Tobago,2017,1
Trinidad and Tobago,2018,1
Trinidad and Tobago,2019,1
Trinidad and Tobago,2020,1
Trinidad and Tobago,2021,1
Trinidad and Tobago,2022,1
Trinidad and Tobago,2023,1
Trinidad and Tobago,2024,1
Trinidad and Tobago,2025,1
Tunisia,2010,0
Tunisia,2011,0
Tunisia,2012,1
Tunisia,2013,1
Tunisia,2014,1
Tunisia,2015,1
Tunisia,2016,1
Tunisia,2017,1
Tunisia,2018,1
Tunisia,2019,1
Tunisia,2020,1
Tunisia,2021,1
Tunisia,2022,0
Tunisia,2023,0
Tunisia,2024,0
Tunisia,2025,0
Turkey,2010,1
Turkey,2011,1
Turkey,2012,1
Turkey,2013,0
Turkey,2014,0
Turkey,2015,0
Turkey,2016,0
Turkey,2017,0
Turkey,2018,0
Turkey,2019,0
Turkey,2020,0
Turkey,2021,0
Turkey,2022,0
Turkey,2023,0
Turkey,2024,0
Turkey,2025,0
Turkmenistan,2010,0
Turkmenistan,2011,0
Turkmenistan,2012,0
Turkmenistan,2013,0
Turkmenistan,2014,0
Turkmenistan,2015,0
Turkmenistan,2016,0
Turkmenistan,2017,0
Turkmenistan,2018,0
Turkmenistan,2019,0
Turkmenistan,2020,0
Turkmenistan,2021,0
Turkmenistan,2022,0
Turkmenistan,2023,0
Turkmenistan,2024,0
Turkmenistan,2025,0
Uganda,2010,0
Uganda,2011,0
Uganda,2012,0
Uganda,2013,0
Uganda,2014,0
Uganda,2015,0
Uganda,2016,0
Uganda,2017,0
Uganda,2018,0
Uganda,2019,0
Uganda,2020,0
Uganda,2021,0
Uganda,2022,0
Uganda,2023,0
Uganda,2024,0
Uganda,2025,0
Ukraine,2010,0
Ukraine,2011,0
Ukraine,2012,0
Ukraine,2013,0
Ukraine,2014,0
Ukraine,2015,0
Ukraine,2016,0
Ukraine,2017,0
Ukraine,2018,0
Ukraine,2019,1
Ukraine,2020,1
Ukraine,2021,1
Ukraine,2022,0
Ukraine,2023,0
Ukraine,2024,0
Ukraine,2025,0
United Arab Emirates,2010,0
United Arab Emirates,2011,0
United Arab Emirates,2012,0
United Arab Emirates,2013,0
United Arab Emirates,2014,0
United Arab Emirates,2015,0
United Arab Emirates,2016,0
United Arab Emirates,2017,0
United Arab Emirates,2018,0
United Arab Emirates,2019,0
United Arab Emirates,2020,0
United Arab Emirates,2021,0
United Arab Emirates,2022,0
United Arab Emirates,2023,0
United Arab Emirates,2024,0
United Arab Emirates,2025,0
United Kingdom,2010,1
United Kingdom,2011,1
United Kingdom,2012,1
United Kingdom,2013,1
United Kingdom,2014,1
United Kingdom,2015,1
United Kingdom,2016,1
United Kingdom,2017,1
United Kingdom,2018,1
United Kingdom,2019,1
United Kingdom,2020,1
United Kingdom,2021,1
United Kingdom,2022,1
United Kingdom,2023,1
United Kingdom,2024,1
United Kingdom,2025,1
United States,2010,1
United States,2011,1
United States,2012,1
United States,2013,1
United States,2014,1
United States,2015,1
United States,2016,1
United States,2017,1
United States,2018,1
United States,2019,1
United States,2020,1
United States,2021,1
United States,2022,1
United States,2023,1
United States,2024,1
United States,2025,1
Uruguay,2010,1
Uruguay,2011,1
Uruguay,2012,1
Uruguay,2013,1
Uruguay,2014,1
Uruguay,2015,1
Uruguay,2016,1
Uruguay,2017,1
Uruguay,2018,1
Uruguay,2019,1
Uruguay,2020,1
Uruguay,2021,1
Uruguay,2022,1
Uruguay,2023,1
Uruguay,2024,1
Uruguay,2025,1
Uzbekistan,2010,0
Uzbekistan,2011,0
Uzbekistan,2012,0
Uzbekistan,2013,0
Uzbekistan,2014,0
Uzbekistan,2015,0
Uzbekistan,2016,0
Uzbekistan,2017,0
Uzbekistan,2018,0
Uzbekistan,2019,0
Uzbekistan,2020,0
Uzbekistan,2021,0
Uzbekistan,2022,0
Uzbekistan,2023,0
Uzbekistan,2024,0
Uzbekistan,2025,0
Vanuatu,2010,1
Vanuatu,2011,1
Vanuatu,2012,1
Vanuatu,2013,1
Vanuatu,2014,1
Vanuatu,2015,1
Vanuatu,2016,1
Vanuatu,2017,1
Vanuatu,2018,1
Vanuatu,2019,1
Vanuatu,2020,1
Vanuatu,2021,1
Vanuatu,2022,1
Vanuatu,2023,1
Vanuatu,2024,1
Vanuatu,2025,1
Venezuela,2010,0
Venezuela,2011,0
Venezuela,2012,0
Venezuela,2013,0
Venezuela,2014,0
Venezuela,2015,0
Venezuela,2016,0
Venezuela,2017,0
Venezuela,2018,0
Venezuela,2019,0
Venezuela,2020,0
Venezuela,2021,0
Venezuela,2022,0
Venezuela,2023,0
Venezuela,2024,0
Venezuela,2025,0
Vietnam,2010,0
Vietnam,2011,0
Vietnam,2012,0
Vietnam,2013,0
Vietnam,2014,0
Vietnam,2015,0
Vietnam,2016,0
Vietnam,2017,0
Vietnam,2018,0
Vietnam,2019,0
Vietnam,2020,0
Vietnam,2021,0
Vietnam,2022,0
Vietnam,2023,0
Vietnam,2024,0
Vietnam,2025,0
Yemen,2010,0
Yemen,2011,0
Yemen,2012,0
Yemen,2013,0
Yemen,2014,0
Yemen,2015,0
Yemen,2016,0
Yemen,2017,0
Yemen,2018,0
Yemen,2019,0
Yemen,2020,0
Yemen,2021,0
Yemen,2022,0
Yemen,2023,0
Yemen,2024,0
Yemen,2025,0
Zambia,2010,1
Zambia,2011,1
Zambia,2012,1
Zambia,2013,0
Zambia,2014,0
Zambia,2015,0
Zambia,2016,0
Zambia,2017,0
Zambia,2018,0
Zambia,2019,0
Zambia,2020,0
Zambia,2021,0
Zambia,2022,1
Zambia,2023,1
Zambia,2024,1
Zambia,2025,0
Zanzibar,2010,0
Zanzibar,2011,0
Zanzibar,2012,0
Zanzibar,2013,0
Zanzibar,2014,0
Zanzibar,2015,0
Zanzibar,2016,0
Zanzibar,2017,0
Zanzibar,2018,0
Zanzibar,2019,0
Zanzibar,2020,0
Zanzibar,2021,0
Zanzibar,2022,0
Zanzibar,2023,0
Zanzibar,2024,0
Zanzibar,2025,0
Zimbabwe,2010,0
Zimbabwe,2011,0
Zimbabwe,2012,0
Zimbabwe,2013,0
Zimbabwe,2014,0
Zimbabwe,2015,0
Zimbabwe,2016,0
Zimbabwe,2017,0
Zimbabwe,2018,0
Zimbabwe,2019,0
Zimbabwe,2020,0
Zimbabwe,2021,0
Zimbabwe,2022,0
Zimbabwe,2023,0
Zimbabwe,2024,0
Zimbabwe,2025,0
